hidden_dim, num_layers, lr, epochs, number_systems, loss
2, 2, 0.01, 100, 5, 0.0014943466596605503
2, 2, 0.01, 100, 10, 0.0016077898868388728
2, 2, 0.01, 100, 20, 0.0010678114544134588
2, 2, 0.01, 200, 5, 0.0004090838468982838
2, 2, 0.01, 200, 10, 0.0006620935424507479
2, 2, 0.01, 200, 20, 0.00201247845106991
2, 2, 0.01, 500, 5, 0.003308560424193274
2, 2, 0.01, 500, 10, 0.0015908601159026147
2, 2, 0.01, 500, 20, 0.005685105458542239
2, 2, 0.01, 1000, 5, 0.003186655038734898
2, 2, 0.01, 1000, 10, 0.0025172642197503594
2, 2, 0.01, 1000, 20, 0.0003612321052059997
2, 2, 0.005, 100, 5, 0.001110294477257412
2, 2, 0.005, 100, 10, 0.001216757953443448
2, 2, 0.005, 100, 20, 0.0023017508104203445
2, 2, 0.005, 200, 5, 0.001901049435400637
2, 2, 0.005, 200, 10, 0.0029572435130830856
2, 2, 0.005, 200, 20, 0.001028563631916768
2, 2, 0.005, 500, 5, 0.00013448153258650565
2, 2, 0.005, 500, 10, 0.002662570425673039
2, 2, 0.005, 500, 20, 0.0009197822917485609
2, 2, 0.005, 1000, 5, 0.005641401233151555
2, 2, 0.005, 1000, 10, 0.001530381990596652
2, 2, 0.005, 1000, 20, 0.0038709027914592296
2, 2, 0.02, 100, 5, 0.0018775679567625049
2, 2, 0.02, 100, 10, 0.0017271577136853012
2, 2, 0.02, 100, 20, 0.0007093019332387485
2, 2, 0.02, 200, 5, 0.0019393540249438956
2, 2, 0.02, 200, 10, 0.0034922209633805323
2, 2, 0.02, 200, 20, 0.001018855736037949
2, 2, 0.02, 500, 5, 0.0009200409054756165
2, 2, 0.02, 500, 10, 0.0022370790989953092
2, 2, 0.02, 500, 20, 0.0003357738807608257
2, 2, 0.02, 1000, 5, 0.002741852539065803
2, 2, 0.02, 1000, 10, 0.00902502045246365
2, 2, 0.02, 1000, 20, 0.008826671756105497
2, 2, 0.001, 100, 5, 0.00033845389989437533
2, 2, 0.001, 100, 10, 0.008572673951857724
2, 2, 0.001, 100, 20, 0.0006754486748832278
2, 2, 0.001, 200, 5, 0.003902559070047573
2, 2, 0.001, 200, 10, 0.0004027369552204618
2, 2, 0.001, 200, 20, 0.0009128084289841354
2, 2, 0.001, 500, 5, 0.00404968182333505
2, 2, 0.001, 500, 10, 0.0005992199330648873
2, 2, 0.001, 500, 20, 0.0006498286718851886
2, 2, 0.001, 1000, 5, 0.0005620211741188541
2, 2, 0.001, 1000, 10, 0.013469767651258735
2, 2, 0.001, 1000, 20, 0.0010247017935398617
2, 2, 0.1, 100, 5, 0.0014182926999637858
2, 2, 0.1, 100, 10, 0.0005400971404014854
2, 2, 0.1, 100, 20, 0.001002906593203079
2, 2, 0.1, 200, 5, 0.009041861579316902
2, 2, 0.1, 200, 10, 0.0006568924800376408
2, 2, 0.1, 200, 20, 0.0012044501636410132
2, 2, 0.1, 500, 5, 0.0035926443539210594
2, 2, 0.1, 500, 10, 0.0003238455661630724
2, 2, 0.1, 500, 20, 0.0017221715912455692
2, 2, 0.1, 1000, 5, 0.01013152431405615
2, 2, 0.1, 1000, 10, 0.0014487235945125575
2, 2, 0.1, 1000, 20, 0.000999845597834792
2, 4, 0.01, 100, 5, 0.0004976262258423958
2, 4, 0.01, 100, 10, 0.0007426897915138398
2, 4, 0.01, 100, 20, 0.0024832105787936597
2, 4, 0.01, 200, 5, 0.0013814101390380528
2, 4, 0.01, 200, 10, 0.002585977992566768
2, 4, 0.01, 200, 20, 0.0014317318392386368
2, 4, 0.01, 500, 5, 0.0025471839857345913
2, 4, 0.01, 500, 10, 0.001186143067025114
2, 4, 0.01, 500, 20, 0.0019574773610656847
2, 4, 0.01, 1000, 5, 0.0007287856380571612
2, 4, 0.01, 1000, 10, 0.0002743014927546028
2, 4, 0.01, 1000, 20, 0.0011802574328612537
2, 4, 0.005, 100, 5, 0.0008459041855530813
2, 4, 0.005, 100, 10, 0.001581873670056666
2, 4, 0.005, 100, 20, 0.0019733074310352094
2, 4, 0.005, 200, 5, 0.0004245649346557911
2, 4, 0.005, 200, 10, 0.0029293725372554038
2, 4, 0.005, 200, 20, 0.001138685223122593
2, 4, 0.005, 500, 5, 0.0027247955011262094
2, 4, 0.005, 500, 10, 0.0019329605405800977
2, 4, 0.005, 500, 20, 0.0008198443916626275
2, 4, 0.005, 1000, 5, 0.0017772989856894128
2, 4, 0.005, 1000, 10, 0.0008898549000150524
2, 4, 0.005, 1000, 20, 0.0019356471515493468
2, 4, 0.02, 100, 5, 0.004106525385577697
2, 4, 0.02, 100, 10, 0.0002485461665855837
2, 4, 0.02, 100, 20, 0.0005377033023250988
2, 4, 0.02, 200, 5, 0.0012573706287184905
2, 4, 0.02, 200, 10, 0.0009874679730273784
2, 4, 0.02, 200, 20, 0.0008911467732104939
2, 4, 0.02, 500, 5, 0.0005940053455560701
2, 4, 0.02, 500, 10, 0.001270767480673385
2, 4, 0.02, 500, 20, 0.0009949632745701819
2, 4, 0.02, 1000, 5, 0.0009309621920692735
2, 4, 0.02, 1000, 10, 0.00305578546540346
2, 4, 0.02, 1000, 20, 0.004475937416282249
2, 4, 0.001, 100, 5, 0.0028495269161794567
2, 4, 0.001, 100, 10, 0.0005754736032940854
2, 4, 0.001, 100, 20, 0.001354658603668213
2, 4, 0.001, 200, 5, 0.0012356043611362112
2, 4, 0.001, 200, 10, 0.001628816715310677
2, 4, 0.001, 200, 20, 0.0026242404244840147
2, 4, 0.001, 500, 5, 0.002347565828677034
2, 4, 0.001, 500, 10, 0.0015465113698155618
2, 4, 0.001, 500, 20, 0.0015782927555846981
2, 4, 0.001, 1000, 5, 0.000920702908479143
2, 4, 0.001, 1000, 10, 0.005457008255325491
2, 4, 0.001, 1000, 20, 0.0008493841647577938
2, 4, 0.1, 100, 5, 0.0012914917318994413
2, 4, 0.1, 100, 10, 0.0016927068070799578
2, 4, 0.1, 100, 20, 0.0008180326320143649
2, 4, 0.1, 200, 5, 0.0003127377050986979
2, 4, 0.1, 200, 10, 0.0003628181506428518
2, 4, 0.1, 200, 20, 0.002254339572391473
2, 4, 0.1, 500, 5, 0.0007198879056886653
2, 4, 0.1, 500, 10, 0.0006450784389926412
2, 4, 0.1, 500, 20, 0.0003479860293737147
2, 4, 0.1, 1000, 5, 0.0019537125124770684
2, 4, 0.1, 1000, 10, 0.0009490214659308549
2, 4, 0.1, 1000, 20, 0.005490814778022468
2, 6, 0.01, 100, 5, 0.0004431071375620377
2, 6, 0.01, 100, 10, 0.002273834586958401
2, 6, 0.01, 100, 20, 0.00333822150278138
2, 6, 0.01, 200, 5, 0.0003249433078508446
2, 6, 0.01, 200, 10, 0.0007784421402902808
2, 6, 0.01, 200, 20, 0.0006873062535305508
2, 6, 0.01, 500, 5, 0.0009287946131735225
2, 6, 0.01, 500, 10, 0.001289657705274294
2, 6, 0.01, 500, 20, 0.0006616804326768033
2, 6, 0.01, 1000, 5, 0.005555212789658981
2, 6, 0.01, 1000, 10, 0.0018961771786507597
2, 6, 0.01, 1000, 20, 0.004083058181640809
2, 6, 0.005, 100, 5, 0.0006493114538898226
2, 6, 0.005, 100, 10, 0.0024257295852294193
2, 6, 0.005, 100, 20, 0.0005942253446846735
2, 6, 0.005, 200, 5, 0.001156581649047439
2, 6, 0.005, 200, 10, 0.0015524808653935907
2, 6, 0.005, 200, 20, 0.0010028863183833892
2, 6, 0.005, 500, 5, 0.001473030425995603
2, 6, 0.005, 500, 10, 0.0006918488084920682
2, 6, 0.005, 500, 20, 0.0029942328459583224
2, 6, 0.005, 1000, 5, 0.0021122668813404744
2, 6, 0.005, 1000, 10, 0.0005309562693582848
2, 6, 0.005, 1000, 20, 0.0005861972000275273
2, 6, 0.02, 100, 5, 0.0007274241790582892
2, 6, 0.02, 100, 10, 0.00040305932852788826
2, 6, 0.02, 100, 20, 0.000925032258965075
2, 6, 0.02, 200, 5, 0.00119242647633655
2, 6, 0.02, 200, 10, 0.0005059882052592002
2, 6, 0.02, 200, 20, 0.0031892359955236317
2, 6, 0.02, 500, 5, 0.0004835195335544995
2, 6, 0.02, 500, 10, 0.0024515132063243072
2, 6, 0.02, 500, 20, 0.0018793890842061956
2, 6, 0.02, 1000, 5, 0.0016016358153137845
2, 6, 0.02, 1000, 10, 0.0010016671480116202
2, 6, 0.02, 1000, 20, 0.0007657401831238531
2, 6, 0.001, 100, 5, 0.0019849444783176296
2, 6, 0.001, 100, 10, 0.0005261437583612861
2, 6, 0.001, 100, 20, 0.0016175934631974087
2, 6, 0.001, 200, 5, 0.0015827314236958046
2, 6, 0.001, 200, 10, 0.0011705332540714152
2, 6, 0.001, 200, 20, 0.0004748986935737776
2, 6, 0.001, 500, 5, 0.0009481271928962088
2, 6, 0.001, 500, 10, 0.0003623953136411728
2, 6, 0.001, 500, 20, 0.0030822412842098855
2, 6, 0.001, 1000, 5, 0.0018407818977721035
2, 6, 0.001, 1000, 10, 0.0014573570602806284
2, 6, 0.001, 1000, 20, 0.0007475779861124465
2, 6, 0.1, 100, 5, 0.002531116796853894
2, 6, 0.1, 100, 10, 0.0025845772041066086
2, 6, 0.1, 100, 20, 0.00541977689426858
2, 6, 0.1, 200, 5, 0.0016793063357908977
2, 6, 0.1, 200, 10, 0.001459788074134849
2, 6, 0.1, 200, 20, 0.000916254022740759
2, 6, 0.1, 500, 5, 0.0006034985213773325
2, 6, 0.1, 500, 10, 0.0007267010128998663
2, 6, 0.1, 500, 20, 0.0011226985894609242
2, 6, 0.1, 1000, 5, 0.006383284848288895
2, 6, 0.1, 1000, 10, 0.0011296607211988886
2, 6, 0.1, 1000, 20, 0.0060053490044083445
2, 8, 0.01, 100, 5, 0.0010273988693370484
2, 8, 0.01, 100, 10, 0.0003177106500515947
2, 8, 0.01, 100, 20, 0.00035443665638013044
2, 8, 0.01, 200, 5, 0.0004548502591205761
2, 8, 0.01, 200, 10, 0.0005598112275038147
2, 8, 0.01, 200, 20, 0.0009862060047453268
2, 8, 0.01, 500, 5, 0.0004518034198554233
2, 8, 0.01, 500, 10, 0.0004906683407170931
2, 8, 0.01, 500, 20, 0.004130117413478729
2, 8, 0.01, 1000, 5, 0.001843254448613152
2, 8, 0.01, 1000, 10, 0.0020464503788389264
2, 8, 0.01, 1000, 20, 0.0018081816626363434
2, 8, 0.005, 100, 5, 0.0015189249945251504
2, 8, 0.005, 100, 10, 0.0009062253739102744
2, 8, 0.005, 100, 20, 0.0006762783359590685
2, 8, 0.005, 200, 5, 0.0005640292234602384
2, 8, 0.005, 200, 10, 0.0019568391275242903
2, 8, 0.005, 200, 20, 0.0006570914250914939
2, 8, 0.005, 500, 5, 0.0006850080175354378
2, 8, 0.005, 500, 10, 0.0005729165270167869
2, 8, 0.005, 500, 20, 0.001986662445415277
2, 8, 0.005, 1000, 5, 0.0015681675991800147
2, 8, 0.005, 1000, 10, 0.0001333967586106155
2, 8, 0.005, 1000, 20, 0.0030311809518025258
2, 8, 0.02, 100, 5, 0.0029212053093942815
2, 8, 0.02, 100, 10, 0.0007717970864177914
2, 8, 0.02, 100, 20, 0.000584390630137932
2, 8, 0.02, 200, 5, 0.0006527908923999349
2, 8, 0.02, 200, 10, 0.00032405726888100616
2, 8, 0.02, 200, 20, 0.002158845084704808
2, 8, 0.02, 500, 5, 0.00326220425486099
2, 8, 0.02, 500, 10, 0.000933103590796236
2, 8, 0.02, 500, 20, 0.0018348235018493142
2, 8, 0.02, 1000, 5, 0.0009672599364421331
2, 8, 0.02, 1000, 10, 0.0015559337283775677
2, 8, 0.02, 1000, 20, 0.0026482399080123287
2, 8, 0.001, 100, 5, 0.0015875822915404568
2, 8, 0.001, 100, 10, 0.0005634979424939957
2, 8, 0.001, 100, 20, 0.0019013036310525423
2, 8, 0.001, 200, 5, 0.0006371679141011555
2, 8, 0.001, 200, 10, 0.001220431527326582
2, 8, 0.001, 200, 20, 0.003337403266050387
2, 8, 0.001, 500, 5, 0.0012430262853740715
2, 8, 0.001, 500, 10, 0.0017880674033222022
2, 8, 0.001, 500, 20, 0.0013199412022004253
2, 8, 0.001, 1000, 5, 0.0009231615636963397
2, 8, 0.001, 1000, 10, 0.0007121066122635966
2, 8, 0.001, 1000, 20, 0.0005306880993884988
2, 8, 0.1, 100, 5, 0.0012288991532841465
2, 8, 0.1, 100, 10, 0.0006012636818923056
2, 8, 0.1, 100, 20, 0.0009192196754156612
2, 8, 0.1, 200, 5, 0.0038371208429452963
2, 8, 0.1, 200, 10, 0.001786235245890566
2, 8, 0.1, 200, 20, 0.0006492672211606987
2, 8, 0.1, 500, 5, 0.0012956184466020205
2, 8, 0.1, 500, 10, 0.0024003318045288323
2, 8, 0.1, 500, 20, 0.0014385331318862882
2, 8, 0.1, 1000, 5, 0.0008867909242326278
2, 8, 0.1, 1000, 10, 0.0030868296014887166
2, 8, 0.1, 1000, 20, 0.0006764179539459292
4, 2, 0.01, 100, 5, 0.00037361426002462393
4, 2, 0.01, 100, 10, 0.00043702735711121933
4, 2, 0.01, 100, 20, 0.00019232798877055757
4, 2, 0.01, 200, 5, 0.000871250534464707
4, 2, 0.01, 200, 10, 0.0005401590764449793
4, 2, 0.01, 200, 20, 0.002563253076186811
4, 2, 0.01, 500, 5, 0.00753008498577401
4, 2, 0.01, 500, 10, 0.003714178827613068
4, 2, 0.01, 500, 20, 0.005635268311016262
4, 2, 0.01, 1000, 5, 0.002890272391232429
4, 2, 0.01, 1000, 10, 0.0031958811945514754
4, 2, 0.01, 1000, 20, 0.006983461265917867
4, 2, 0.005, 100, 5, 0.0031023991752590517
4, 2, 0.005, 100, 10, 0.0011464267798146465
4, 2, 0.005, 100, 20, 0.0010038707929197698
4, 2, 0.005, 200, 5, 0.001035468692862196
4, 2, 0.005, 200, 10, 0.001654428322217427
4, 2, 0.005, 200, 20, 0.005119795021528262
4, 2, 0.005, 500, 5, 0.001646488019014214
4, 2, 0.005, 500, 10, 0.0009981714887544514
4, 2, 0.005, 500, 20, 0.0017632416973356157
4, 2, 0.005, 1000, 5, 0.0009277907297700949
4, 2, 0.005, 1000, 10, 0.001331689513017409
4, 2, 0.005, 1000, 20, 0.0015896866461844184
4, 2, 0.02, 100, 5, 0.0025040881515451473
4, 2, 0.02, 100, 10, 0.0020121056062635035
4, 2, 0.02, 100, 20, 0.00023490141611546279
4, 2, 0.02, 200, 5, 0.0008024525610380806
4, 2, 0.02, 200, 10, 0.0016070920100901276
4, 2, 0.02, 200, 20, 0.0010629711297951872
4, 2, 0.02, 500, 5, 0.0016419553223386175
4, 2, 0.02, 500, 10, 0.004590766516776057
4, 2, 0.02, 500, 20, 0.00046023371724004394
4, 2, 0.02, 1000, 5, 0.0007306106097530573
4, 2, 0.02, 1000, 10, 0.001057925545501348
4, 2, 0.02, 1000, 20, 0.0011400524686905555
4, 2, 0.001, 100, 5, 0.001244547277019592
4, 2, 0.001, 100, 10, 0.00043645428122545126
4, 2, 0.001, 100, 20, 0.00028287183231441305
4, 2, 0.001, 200, 5, 0.0028972550066100667
4, 2, 0.001, 200, 10, 0.0006475352764027775
4, 2, 0.001, 200, 20, 0.0002953626746602822
4, 2, 0.001, 500, 5, 0.002847487075632671
4, 2, 0.001, 500, 10, 0.0019076343065535183
4, 2, 0.001, 500, 20, 0.0016628211917122826
4, 2, 0.001, 1000, 5, 0.0016571020853007213
4, 2, 0.001, 1000, 10, 0.0017806525211199187
4, 2, 0.001, 1000, 20, 0.010165701510049984
4, 2, 0.1, 100, 5, 0.0005248960931567126
4, 2, 0.1, 100, 10, 0.003117674907844048
4, 2, 0.1, 100, 20, 0.001691522047349281
4, 2, 0.1, 200, 5, 0.0018710772827034816
4, 2, 0.1, 200, 10, 0.0010006859476561659
4, 2, 0.1, 200, 20, 0.002905335252853547
4, 2, 0.1, 500, 5, 0.002558548747038003
4, 2, 0.1, 500, 10, 0.0024030385655350985
4, 2, 0.1, 500, 20, 0.0005577735763836244
4, 2, 0.1, 1000, 5, 0.0007237153105961625
4, 2, 0.1, 1000, 10, 0.0011463284041383303
4, 2, 0.1, 1000, 20, 0.004596957735429896
4, 4, 0.01, 100, 5, 0.0016337789777026047
4, 4, 0.01, 100, 10, 0.001571082871305407
4, 4, 0.01, 100, 20, 0.0006227527737792116
4, 4, 0.01, 200, 5, 0.0017382521233230363
4, 4, 0.01, 200, 10, 0.003080486800172366
4, 4, 0.01, 200, 20, 0.003602242935630784
4, 4, 0.01, 500, 5, 0.0009212811874022009
4, 4, 0.01, 500, 10, 0.0014692476455820725
4, 4, 0.01, 500, 20, 0.00029320505855139344
4, 4, 0.01, 1000, 5, 0.007020119532535318
4, 4, 0.01, 1000, 10, 0.0022892319211678114
4, 4, 0.01, 1000, 20, 0.002240446199721191
4, 4, 0.005, 100, 5, 0.00044168308277221514
4, 4, 0.005, 100, 10, 0.0029783043790303056
4, 4, 0.005, 100, 20, 0.0063307585169241065
4, 4, 0.005, 200, 5, 0.001983872538403375
4, 4, 0.005, 200, 10, 0.0017969587535844767
4, 4, 0.005, 200, 20, 0.0014701902053275262
4, 4, 0.005, 500, 5, 0.0035050051985308526
4, 4, 0.005, 500, 10, 0.00040826526692399056
4, 4, 0.005, 500, 20, 0.0011374531553883572
4, 4, 0.005, 1000, 5, 0.0007721556321484968
4, 4, 0.005, 1000, 10, 0.0015095250819285866
4, 4, 0.005, 1000, 20, 0.001239951777824899
4, 4, 0.02, 100, 5, 0.00042056158745253926
4, 4, 0.02, 100, 10, 0.0006305546758085256
4, 4, 0.02, 100, 20, 0.0016128842005855403
4, 4, 0.02, 200, 5, 0.0005716487441532081
4, 4, 0.02, 200, 10, 0.0017394115986462567
4, 4, 0.02, 200, 20, 0.0008556537730328273
4, 4, 0.02, 500, 5, 0.001116454676957801
4, 4, 0.02, 500, 10, 0.0021622349941026187
4, 4, 0.02, 500, 20, 0.0013099304378556553
4, 4, 0.02, 1000, 5, 0.002214394052134594
4, 4, 0.02, 1000, 10, 0.0021258233497064793
4, 4, 0.02, 1000, 20, 0.0013460079371725442
4, 4, 0.001, 100, 5, 0.0021475101737451043
4, 4, 0.001, 100, 10, 0.0009040711709531024
4, 4, 0.001, 100, 20, 0.0004715590264822822
4, 4, 0.001, 200, 5, 0.0009007270578877069
4, 4, 0.001, 200, 10, 0.0014508230029605328
4, 4, 0.001, 200, 20, 0.0006853767234133556
4, 4, 0.001, 500, 5, 0.001864667319750879
4, 4, 0.001, 500, 10, 0.0012375371934467694
4, 4, 0.001, 500, 20, 0.00031152590781857725
4, 4, 0.001, 1000, 5, 0.001368677392747486
4, 4, 0.001, 1000, 10, 0.002148812808445655
4, 4, 0.001, 1000, 20, 0.0012964493813342414
4, 4, 0.1, 100, 5, 0.0011972806685662362
4, 4, 0.1, 100, 10, 0.004186275289976038
4, 4, 0.1, 100, 20, 0.0006925792189576896
4, 4, 0.1, 200, 5, 0.0006228449288755656
4, 4, 0.1, 200, 10, 0.00044113704861956646
4, 4, 0.1, 200, 20, 0.002320075986790471
4, 4, 0.1, 500, 5, 0.00038224541967792904
4, 4, 0.1, 500, 10, 0.0005305885126290378
4, 4, 0.1, 500, 20, 0.00030412040650844573
4, 4, 0.1, 1000, 5, 0.0012274352440641678
4, 4, 0.1, 1000, 10, 0.0003691349469590932
4, 4, 0.1, 1000, 20, 0.0008552351828257088
4, 6, 0.01, 100, 5, 0.0003240105645090807
4, 6, 0.01, 100, 10, 0.0009570383080927059
4, 6, 0.01, 100, 20, 0.00039794079966668503
4, 6, 0.01, 200, 5, 0.0017782669171538146
4, 6, 0.01, 200, 10, 0.002557073919888353
4, 6, 0.01, 200, 20, 0.0005511706269317074
4, 6, 0.01, 500, 5, 0.0012776422136084875
4, 6, 0.01, 500, 10, 0.00202729125667247
4, 6, 0.01, 500, 20, 0.0016461105027701707
4, 6, 0.01, 1000, 5, 0.0046638184794574045
4, 6, 0.01, 1000, 10, 0.0012459926278097556
4, 6, 0.01, 1000, 20, 0.008684980656835251
4, 6, 0.005, 100, 5, 0.002750562823166547
4, 6, 0.005, 100, 10, 0.001722078659076942
4, 6, 0.005, 100, 20, 0.0009780758764463826
4, 6, 0.005, 200, 5, 0.0007612763110955711
4, 6, 0.005, 200, 10, 0.0036981426270358496
4, 6, 0.005, 200, 20, 0.00029359448599279857
4, 6, 0.005, 500, 5, 0.0009198657644446939
4, 6, 0.005, 500, 10, 0.00432204606167943
4, 6, 0.005, 500, 20, 0.0037077125918585805
4, 6, 0.005, 1000, 5, 0.0017761668530511087
4, 6, 0.005, 1000, 10, 0.005302348799523316
4, 6, 0.005, 1000, 20, 0.0029461713664204582
4, 6, 0.02, 100, 5, 0.0007203608256531879
4, 6, 0.02, 100, 10, 0.002192069444436129
4, 6, 0.02, 100, 20, 0.0012779392978700343
4, 6, 0.02, 200, 5, 0.0008930181138566695
4, 6, 0.02, 200, 10, 0.0006724373655742965
4, 6, 0.02, 200, 20, 0.0018372693964920472
4, 6, 0.02, 500, 5, 0.0013918403594288975
4, 6, 0.02, 500, 10, 0.004509009016328491
4, 6, 0.02, 500, 20, 0.002576041020802222
4, 6, 0.02, 1000, 5, 0.00034850908414227886
4, 6, 0.02, 1000, 10, 0.0011440643238529447
4, 6, 0.02, 1000, 20, 0.0009487113013165072
4, 6, 0.001, 100, 5, 0.0024695969827007503
4, 6, 0.001, 100, 10, 0.0011881727485160809
4, 6, 0.001, 100, 20, 0.0005616344351437874
4, 6, 0.001, 200, 5, 0.0008705340446795162
4, 6, 0.001, 200, 10, 0.002422636590199545
4, 6, 0.001, 200, 20, 0.0034303718523005953
4, 6, 0.001, 500, 5, 0.00821182008330652
4, 6, 0.001, 500, 10, 0.011007412147591822
4, 6, 0.001, 500, 20, 0.007566527748349472
4, 6, 0.001, 1000, 5, 0.0072692309022386326
4, 6, 0.001, 1000, 10, 0.0030362708517714053
4, 6, 0.001, 1000, 20, 0.012510495537208044
4, 6, 0.1, 100, 5, 0.0002872613025829196
4, 6, 0.1, 100, 10, 0.0005430542754766065
4, 6, 0.1, 100, 20, 0.0020944282532582292
4, 6, 0.1, 200, 5, 0.00016631416419841117
4, 6, 0.1, 200, 10, 0.0020560216960802792
4, 6, 0.1, 200, 20, 0.0010294845829776022
4, 6, 0.1, 500, 5, 0.0023193154265754856
4, 6, 0.1, 500, 10, 0.004388847706468369
4, 6, 0.1, 500, 20, 0.0002660752990777837
4, 6, 0.1, 1000, 5, 0.004328231459658128
4, 6, 0.1, 1000, 10, 0.0018320688144740417
4, 6, 0.1, 1000, 20, 0.005881081442385039
4, 8, 0.01, 100, 5, 0.001955911816912703
4, 8, 0.01, 100, 10, 0.0013180830850615167
4, 8, 0.01, 100, 20, 0.0004789824473846238
4, 8, 0.01, 200, 5, 0.0015346066171332494
4, 8, 0.01, 200, 10, 0.003511807707400294
4, 8, 0.01, 200, 20, 0.0015496618599172506
4, 8, 0.01, 500, 5, 0.0006522505140310386
4, 8, 0.01, 500, 10, 0.002928462501586182
4, 8, 0.01, 500, 20, 0.0025861780111881673
4, 8, 0.01, 1000, 5, 0.002383917578845285
4, 8, 0.01, 1000, 10, 0.0005973293249553535
4, 8, 0.01, 1000, 20, 0.0016011715108106728
4, 8, 0.005, 100, 5, 0.00044187590938236097
4, 8, 0.005, 100, 10, 0.0008914560588891618
4, 8, 0.005, 100, 20, 0.0007483824650989845
4, 8, 0.005, 200, 5, 0.008768161563057219
4, 8, 0.005, 200, 10, 0.0010411103547085076
4, 8, 0.005, 200, 20, 0.0007261015714902896
4, 8, 0.005, 500, 5, 0.0009690750342997489
4, 8, 0.005, 500, 10, 0.0008984869011328556
4, 8, 0.005, 500, 20, 0.0010930073462077417
4, 8, 0.005, 1000, 5, 0.002977042904240079
4, 8, 0.005, 1000, 10, 0.0023105556829250418
4, 8, 0.005, 1000, 20, 0.0026573222727165557
4, 8, 0.02, 100, 5, 0.0018957783620862755
4, 8, 0.02, 100, 10, 0.0006977778830332682
4, 8, 0.02, 100, 20, 0.0022504745007609016
4, 8, 0.02, 200, 5, 0.0019512540035066194
4, 8, 0.02, 200, 10, 0.002143717695798841
4, 8, 0.02, 200, 20, 0.0010121224317117595
4, 8, 0.02, 500, 5, 0.0017747283134667668
4, 8, 0.02, 500, 10, 0.001829509934395901
4, 8, 0.02, 500, 20, 0.0024290870802360586
4, 8, 0.02, 1000, 5, 0.0004430995264556259
4, 8, 0.02, 1000, 10, 0.002354258046216273
4, 8, 0.02, 1000, 20, 0.001061251151986653
4, 8, 0.001, 100, 5, 0.0011862810666571021
4, 8, 0.001, 100, 10, 0.0013803056608594488
4, 8, 0.001, 100, 20, 0.0006814806696638698
4, 8, 0.001, 200, 5, 0.0028911998097100877
4, 8, 0.001, 200, 10, 0.0013595217227702961
4, 8, 0.001, 200, 20, 0.0008033729667658917
4, 8, 0.001, 500, 5, 0.0005336720561899711
4, 8, 0.001, 500, 10, 0.0004513982115895487
4, 8, 0.001, 500, 20, 0.0011586841195821763
4, 8, 0.001, 1000, 5, 0.0015249697884428316
4, 8, 0.001, 1000, 10, 0.0006789896840928122
4, 8, 0.001, 1000, 20, 0.00113372057385277
4, 8, 0.1, 100, 5, 0.002322971799003426
4, 8, 0.1, 100, 10, 0.0015171355989878066
4, 8, 0.1, 100, 20, 0.0006569115401362069
4, 8, 0.1, 200, 5, 0.0026150873834467347
4, 8, 0.1, 200, 10, 0.0021059377020719696
4, 8, 0.1, 200, 20, 0.0007194684102614701
4, 8, 0.1, 500, 5, 0.0009060654409950075
4, 8, 0.1, 500, 10, 0.0004975123421900208
4, 8, 0.1, 500, 20, 0.0005230236587522086
4, 8, 0.1, 1000, 5, 0.000522466726397397
4, 8, 0.1, 1000, 10, 0.014137082797969925
4, 8, 0.1, 1000, 20, 0.002305036412917616
8, 2, 0.01, 100, 5, 0.0022392105442122557
8, 2, 0.01, 100, 10, 0.0006639188140979968
8, 2, 0.01, 100, 20, 0.0018268021645781118
8, 2, 0.01, 200, 5, 0.002921063959001913
8, 2, 0.01, 200, 10, 0.0008653875222080388
8, 2, 0.01, 200, 20, 0.00030270876177382886
8, 2, 0.01, 500, 5, 0.009362210661129211
8, 2, 0.01, 500, 10, 0.00031742646679049357
8, 2, 0.01, 500, 20, 0.0023295011421396337
8, 2, 0.01, 1000, 5, 0.0007169475793489255
8, 2, 0.01, 1000, 10, 0.0021808196885103825
8, 2, 0.01, 1000, 20, 0.00800494096474722
8, 2, 0.005, 100, 5, 0.0011953012639423833
8, 2, 0.005, 100, 10, 0.0026012113583419707
8, 2, 0.005, 100, 20, 0.0012056903869961388
8, 2, 0.005, 200, 5, 0.0015855811971960065
8, 2, 0.005, 200, 10, 0.001958752519385598
8, 2, 0.005, 200, 20, 0.002213640386071347
8, 2, 0.005, 500, 5, 0.0011742009688532561
8, 2, 0.005, 500, 10, 0.0002315636813364108
8, 2, 0.005, 500, 20, 0.0011550758990779286
8, 2, 0.005, 1000, 5, 0.0017571405925991713
8, 2, 0.005, 1000, 10, 0.0020088692312128843
8, 2, 0.005, 1000, 20, 0.005929220476537012
8, 2, 0.02, 100, 5, 0.0011168118800924276
8, 2, 0.02, 100, 10, 0.0005429469762020745
8, 2, 0.02, 100, 20, 0.0008552662412512291
8, 2, 0.02, 200, 5, 0.0003106422329437919
8, 2, 0.02, 200, 10, 0.0008499125455273315
8, 2, 0.02, 200, 20, 0.002590818536555162
8, 2, 0.02, 500, 5, 0.0007576632589916699
8, 2, 0.02, 500, 10, 0.0007992735712832655
8, 2, 0.02, 500, 20, 0.004076368028472643
8, 2, 0.02, 1000, 5, 0.0010659071864211
8, 2, 0.02, 1000, 10, 0.0007754063997708726
8, 2, 0.02, 1000, 20, 0.002022128926546429
8, 2, 0.001, 100, 5, 0.006031640904075175
8, 2, 0.001, 100, 10, 0.00035950466699432584
8, 2, 0.001, 100, 20, 0.0011423968986491672
8, 2, 0.001, 200, 5, 0.0013658101925102528
8, 2, 0.001, 200, 10, 0.0008637749142508255
8, 2, 0.001, 200, 20, 0.0011746911502996226
8, 2, 0.001, 500, 5, 0.00041401668277103455
8, 2, 0.001, 500, 10, 0.0004873101715929806
8, 2, 0.001, 500, 20, 0.001334091384342173
8, 2, 0.001, 1000, 5, 0.003544867906020954
8, 2, 0.001, 1000, 10, 0.004025727980115334
8, 2, 0.001, 1000, 20, 0.0012334854938671925
8, 2, 0.1, 100, 5, 0.0006118220921052852
8, 2, 0.1, 100, 10, 0.001207507450817502
8, 2, 0.1, 100, 20, 0.00392171344064991
8, 2, 0.1, 200, 5, 0.0016737720085075124
8, 2, 0.1, 200, 10, 0.0004875848784649861
8, 2, 0.1, 200, 20, 0.0033401522447093156
8, 2, 0.1, 500, 5, 0.00045884831260991634
8, 2, 0.1, 500, 10, 0.00146910010062129
8, 2, 0.1, 500, 20, 0.0035396023213252192
8, 2, 0.1, 1000, 5, 0.002488807832560269
8, 2, 0.1, 1000, 10, 0.002048225944145088
8, 2, 0.1, 1000, 20, 0.004147737084349501
8, 4, 0.01, 100, 5, 0.005552103344962233
8, 4, 0.01, 100, 10, 0.001710711976420498
8, 4, 0.01, 100, 20, 0.0010230067619659167
8, 4, 0.01, 200, 5, 0.002283950278433622
8, 4, 0.01, 200, 10, 0.0017673003491381679
8, 4, 0.01, 200, 20, 0.0006194526285980828
8, 4, 0.01, 500, 5, 0.002642086554897105
8, 4, 0.01, 500, 10, 0.0022783547894505317
8, 4, 0.01, 500, 20, 0.00047413862048415465
8, 4, 0.01, 1000, 5, 0.001889867294812575
8, 4, 0.01, 1000, 10, 0.0005685093266947661
8, 4, 0.01, 1000, 20, 0.0005793831158371176
8, 4, 0.005, 100, 5, 0.0005835893789480906
8, 4, 0.005, 100, 10, 0.0007332531378779095
8, 4, 0.005, 100, 20, 0.0008307196680107154
8, 4, 0.005, 200, 5, 0.0009379797891597263
8, 4, 0.005, 200, 10, 0.00022096482753113377
8, 4, 0.005, 200, 20, 0.0010459583892952651
8, 4, 0.005, 500, 5, 0.003907802631147206
8, 4, 0.005, 500, 10, 0.0012320801557507365
8, 4, 0.005, 500, 20, 0.0005944155243923887
8, 4, 0.005, 1000, 5, 0.0028321192708972375
8, 4, 0.005, 1000, 10, 0.006184383150139183
8, 4, 0.005, 1000, 20, 0.002136552837328054
8, 4, 0.02, 100, 5, 0.0006948753692995524
8, 4, 0.02, 100, 10, 0.0005251080601738067
8, 4, 0.02, 100, 20, 0.001608570581447566
8, 4, 0.02, 200, 5, 0.0013846008587279357
8, 4, 0.02, 200, 10, 0.001597948928065307
8, 4, 0.02, 200, 20, 0.0006783047811040888
8, 4, 0.02, 500, 5, 0.0007196164377091918
8, 4, 0.02, 500, 10, 0.001149385475582676
8, 4, 0.02, 500, 20, 0.0012752594186167699
8, 4, 0.02, 1000, 5, 0.0005078633730590809
8, 4, 0.02, 1000, 10, 0.003359556458235602
8, 4, 0.02, 1000, 20, 0.0011278907325504405
8, 4, 0.001, 100, 5, 0.00040145397033484185
8, 4, 0.001, 100, 10, 0.00037267174739099576
8, 4, 0.001, 100, 20, 0.0005773063621745678
8, 4, 0.001, 200, 5, 0.0010315392311895267
8, 4, 0.001, 200, 10, 0.00118573356885463
8, 4, 0.001, 200, 20, 0.0010271526727592573
8, 4, 0.001, 500, 5, 0.0009684849695986486
8, 4, 0.001, 500, 10, 0.00017952609196072444
8, 4, 0.001, 500, 20, 0.001683662946925324
8, 4, 0.001, 1000, 5, 0.0009667157122748904
8, 4, 0.001, 1000, 10, 0.003507626683494891
8, 4, 0.001, 1000, 20, 0.0007810680337570375
8, 4, 0.1, 100, 5, 0.002854011534145684
8, 4, 0.1, 100, 10, 0.001752278275307617
8, 4, 0.1, 100, 20, 0.0003883536301145796
8, 4, 0.1, 200, 5, 0.0011192729463800788
8, 4, 0.1, 200, 10, 0.0007865908675739775
8, 4, 0.1, 200, 20, 0.001195815756364027
8, 4, 0.1, 500, 5, 0.0041318945426610295
8, 4, 0.1, 500, 10, 0.0016719892075343524
8, 4, 0.1, 500, 20, 0.00421762949154072
8, 4, 0.1, 1000, 5, 0.0010506171263841679
8, 4, 0.1, 1000, 10, 0.0006898230336446432
8, 4, 0.1, 1000, 20, 0.0008875809209712316
8, 6, 0.01, 100, 5, 0.0007752473902655765
8, 6, 0.01, 100, 10, 0.0012397284976032098
8, 6, 0.01, 100, 20, 0.0005739241303672315
8, 6, 0.01, 200, 5, 0.0002592616729089059
8, 6, 0.01, 200, 10, 0.002169855876127258
8, 6, 0.01, 200, 20, 0.0007560324449514156
8, 6, 0.01, 500, 5, 0.001283634329411143
8, 6, 0.01, 500, 10, 0.0010355024598538876
8, 6, 0.01, 500, 20, 0.0006371087423758581
8, 6, 0.01, 1000, 5, 0.0033605692311539314
8, 6, 0.01, 1000, 10, 0.004204713434410224
8, 6, 0.01, 1000, 20, 0.002602642512647435
8, 6, 0.005, 100, 5, 0.001298712137122493
8, 6, 0.005, 100, 10, 0.000852811623190064
8, 6, 0.005, 100, 20, 0.0011055900997234858
8, 6, 0.005, 200, 5, 0.00107247017804184
8, 6, 0.005, 200, 10, 0.0007589823164380505
8, 6, 0.005, 200, 20, 0.0019868708739522846
8, 6, 0.005, 500, 5, 0.0030058102845941905
8, 6, 0.005, 500, 10, 0.0017621957947994815
8, 6, 0.005, 500, 20, 0.0003997053268903983
8, 6, 0.005, 1000, 5, 0.0021787600922834826
8, 6, 0.005, 1000, 10, 0.001995371192242601
8, 6, 0.005, 1000, 20, 0.0014431755178520688
8, 6, 0.02, 100, 5, 0.0004939402817399241
8, 6, 0.02, 100, 10, 0.0006686112697934732
8, 6, 0.02, 100, 20, 0.003823671818827279
8, 6, 0.02, 200, 5, 0.0009627955889300211
8, 6, 0.02, 200, 10, 0.0018619034071889473
8, 6, 0.02, 200, 20, 0.002574782936426345
8, 6, 0.02, 500, 5, 0.002452525042463094
8, 6, 0.02, 500, 10, 0.0011765334914343839
8, 6, 0.02, 500, 20, 0.0005698416764062131
8, 6, 0.02, 1000, 5, 0.001048137706311536
8, 6, 0.02, 1000, 10, 0.001089282785051182
8, 6, 0.02, 1000, 20, 0.002626416112707375
8, 6, 0.001, 100, 5, 0.0011038103424652946
8, 6, 0.001, 100, 10, 0.0010967697686282917
8, 6, 0.001, 100, 20, 0.0017241788926185108
8, 6, 0.001, 200, 5, 0.0016909792564547387
8, 6, 0.001, 200, 10, 0.0009499435866018758
8, 6, 0.001, 200, 20, 0.004625300453335512
8, 6, 0.001, 500, 5, 0.000847165774757741
8, 6, 0.001, 500, 10, 0.005536005465546623
8, 6, 0.001, 500, 20, 0.0005222277432039846
8, 6, 0.001, 1000, 5, 0.0013385351136093958
8, 6, 0.001, 1000, 10, 0.004655839016663776
8, 6, 0.001, 1000, 20, 0.0019042488624108956
8, 6, 0.1, 100, 5, 0.0006394233430910389
8, 6, 0.1, 100, 10, 0.0012760782934492453
8, 6, 0.1, 100, 20, 0.00035960017412435264
8, 6, 0.1, 200, 5, 0.0007023838494205848
8, 6, 0.1, 200, 10, 0.0009937559898389736
8, 6, 0.1, 200, 20, 0.00036370085754242607
8, 6, 0.1, 500, 5, 0.0004519754591456149
8, 6, 0.1, 500, 10, 0.001348535917350091
8, 6, 0.1, 500, 20, 0.0012403611463014386
8, 6, 0.1, 1000, 5, 0.00296882000475307
8, 6, 0.1, 1000, 10, 0.0029378069142694586
8, 6, 0.1, 1000, 20, 0.00637588715471793
8, 8, 0.01, 100, 5, 0.0003036289277588367
8, 8, 0.01, 100, 10, 0.00586834553614608
8, 8, 0.01, 100, 20, 0.004146770489569462
8, 8, 0.01, 200, 5, 0.0012869920195953456
8, 8, 0.01, 200, 10, 0.0012115413410356268
8, 8, 0.01, 200, 20, 0.0004920230378047564
8, 8, 0.01, 500, 5, 0.0022426184514188208
8, 8, 0.01, 500, 10, 0.0019842078218061943
8, 8, 0.01, 500, 20, 0.0003881689932313748
8, 8, 0.01, 1000, 5, 0.0035256416857009755
8, 8, 0.01, 1000, 10, 0.005164759592662449
8, 8, 0.01, 1000, 20, 0.0027675478886521887
8, 8, 0.005, 100, 5, 0.0019092423310212326
8, 8, 0.005, 100, 10, 0.0005834563336065912
8, 8, 0.005, 100, 20, 0.00036067589371668873
8, 8, 0.005, 200, 5, 0.0036471996378168114
8, 8, 0.005, 200, 10, 0.00018641651222424117
8, 8, 0.005, 200, 20, 0.0007998846591362963
8, 8, 0.005, 500, 5, 0.005986445868620649
8, 8, 0.005, 500, 10, 0.007021596289996523
8, 8, 0.005, 500, 20, 0.001533915316394996
8, 8, 0.005, 1000, 5, 0.0008779109775787219
8, 8, 0.005, 1000, 10, 0.0004107569689949742
8, 8, 0.005, 1000, 20, 0.00140201908943709
8, 8, 0.02, 100, 5, 0.003008736427000258
8, 8, 0.02, 100, 10, 0.00150288901058957
8, 8, 0.02, 100, 20, 0.001914054702501744
8, 8, 0.02, 200, 5, 0.0007468801910363254
8, 8, 0.02, 200, 10, 0.00221586138359271
8, 8, 0.02, 200, 20, 0.00133131073343975
8, 8, 0.02, 500, 5, 0.0013661654387760792
8, 8, 0.02, 500, 10, 0.0036351710428789374
8, 8, 0.02, 500, 20, 0.00044374476856319235
8, 8, 0.02, 1000, 5, 0.0042106048827008635
8, 8, 0.02, 1000, 10, 0.0027874595658431644
8, 8, 0.02, 1000, 20, 0.0045833766409487
8, 8, 0.001, 100, 5, 0.004234106098738266
8, 8, 0.001, 100, 10, 0.0006547458911882132
8, 8, 0.001, 100, 20, 0.0005903547596972202
8, 8, 0.001, 200, 5, 0.000582030150690116
8, 8, 0.001, 200, 10, 0.0017546001326991245
8, 8, 0.001, 200, 20, 0.0007589525674120523
8, 8, 0.001, 500, 5, 0.0005116078136779834
8, 8, 0.001, 500, 10, 0.002415500526512915
8, 8, 0.001, 500, 20, 0.0004834675317397341
8, 8, 0.001, 1000, 5, 0.003580149572371738
8, 8, 0.001, 1000, 10, 0.0021267439082294005
8, 8, 0.001, 1000, 20, 0.0003920021683370578
8, 8, 0.1, 100, 5, 0.001067573444379377
8, 8, 0.1, 100, 10, 0.000568191526690498
8, 8, 0.1, 100, 20, 0.0005228742840699852
8, 8, 0.1, 200, 5, 0.0009399940325238276
8, 8, 0.1, 200, 10, 0.00046970639377832415
8, 8, 0.1, 200, 20, 0.003196941658097785
8, 8, 0.1, 500, 5, 0.0006057942468032706
8, 8, 0.1, 500, 10, 0.0063852973878965715
8, 8, 0.1, 500, 20, 0.0019771162638789973
8, 8, 0.1, 1000, 5, 0.004809281587768055
8, 8, 0.1, 1000, 10, 0.005248354392824695
8, 8, 0.1, 1000, 20, 0.0008018891596293543
12, 2, 0.01, 100, 5, 0.0013623349863337354
12, 2, 0.01, 100, 10, 0.001138424884993583
12, 2, 0.01, 100, 20, 0.0005224872555118054
12, 2, 0.01, 200, 5, 0.0023886180173576578
12, 2, 0.01, 200, 10, 0.00035573276327340866
12, 2, 0.01, 200, 20, 0.0009741751389810815
12, 2, 0.01, 500, 5, 0.0022515866840876696
12, 2, 0.01, 500, 10, 0.001448147940391209
12, 2, 0.01, 500, 20, 0.003969958916059113
12, 2, 0.01, 1000, 5, 0.0030822653730865567
12, 2, 0.01, 1000, 10, 0.002408470931550255
12, 2, 0.01, 1000, 20, 0.0018211025781056378
12, 2, 0.005, 100, 5, 0.0006071910087484866
12, 2, 0.005, 100, 10, 0.0009372631422593259
12, 2, 0.005, 100, 20, 0.0025677503072074614
12, 2, 0.005, 200, 5, 0.001406812553614145
12, 2, 0.005, 200, 10, 0.0021734854737587737
12, 2, 0.005, 200, 20, 0.0004030485615658108
12, 2, 0.005, 500, 5, 0.0010403704685813865
12, 2, 0.005, 500, 10, 0.0022149864948005416
12, 2, 0.005, 500, 20, 0.00023397146360366606
12, 2, 0.005, 1000, 5, 0.0008575377414672403
12, 2, 0.005, 1000, 10, 0.014192536861810368
12, 2, 0.005, 1000, 20, 0.001143708697782131
12, 2, 0.02, 100, 5, 0.0011782372333982495
12, 2, 0.02, 100, 10, 0.002347290056059137
12, 2, 0.02, 100, 20, 0.002024853562215867
12, 2, 0.02, 200, 5, 0.0025740347045939416
12, 2, 0.02, 200, 10, 0.001334396117454162
12, 2, 0.02, 200, 20, 0.00024508260685252026
12, 2, 0.02, 500, 5, 0.002321019341979991
12, 2, 0.02, 500, 10, 0.0018389904635114362
12, 2, 0.02, 500, 20, 0.0008368720995349576
12, 2, 0.02, 1000, 5, 0.013657169541693293
12, 2, 0.02, 1000, 10, 0.003235153394052759
12, 2, 0.02, 1000, 20, 0.000634226622787537
12, 2, 0.001, 100, 5, 0.0015255771817464848
12, 2, 0.001, 100, 10, 0.0005327270129782847
12, 2, 0.001, 100, 20, 0.0017478160734754056
12, 2, 0.001, 200, 5, 0.0007773358431222733
12, 2, 0.001, 200, 10, 0.004218111441878137
12, 2, 0.001, 200, 20, 0.0004480480245547369
12, 2, 0.001, 500, 5, 0.004707887448603287
12, 2, 0.001, 500, 10, 0.0007690449110668851
12, 2, 0.001, 500, 20, 0.014387852101936004
12, 2, 0.001, 1000, 5, 0.0019243515678681433
12, 2, 0.001, 1000, 10, 0.0016730191229726188
12, 2, 0.001, 1000, 20, 0.00213901439201436
12, 2, 0.1, 100, 5, 0.0012944427879119757
12, 2, 0.1, 100, 10, 0.003128548088352545
12, 2, 0.1, 100, 20, 0.0002436524722725153
12, 2, 0.1, 200, 5, 0.0020254055729310495
12, 2, 0.1, 200, 10, 0.0021508844783966197
12, 2, 0.1, 200, 20, 0.0006681049391772831
12, 2, 0.1, 500, 5, 0.0007635135858436115
12, 2, 0.1, 500, 10, 0.0011241354966387007
12, 2, 0.1, 500, 20, 0.0008011680314666591
12, 2, 0.1, 1000, 5, 0.0002487205449142493
12, 2, 0.1, 1000, 10, 0.0007403934723697603
12, 2, 0.1, 1000, 20, 0.0005210467177676037
12, 4, 0.01, 100, 5, 0.0007669209233426954
12, 4, 0.01, 100, 10, 0.002199686474477858
12, 4, 0.01, 100, 20, 0.0008248185331467539
12, 4, 0.01, 200, 5, 0.0014976089814808802
12, 4, 0.01, 200, 10, 0.0018057483110169414
12, 4, 0.01, 200, 20, 0.0005548029046622105
12, 4, 0.01, 500, 5, 0.00152035016217269
12, 4, 0.01, 500, 10, 0.0016426859612238332
12, 4, 0.01, 500, 20, 0.001411994771751779
12, 4, 0.01, 1000, 5, 0.0009030730900121853
12, 4, 0.01, 1000, 10, 0.001983872425262234
12, 4, 0.01, 1000, 20, 0.001453031139499217
12, 4, 0.005, 100, 5, 0.0010165105199121172
12, 4, 0.005, 100, 10, 0.0014079959873924963
12, 4, 0.005, 100, 20, 0.0004898672124909354
12, 4, 0.005, 200, 5, 0.0008951208645157748
12, 4, 0.005, 200, 10, 0.002668782355613075
12, 4, 0.005, 200, 20, 0.0005739219508541282
12, 4, 0.005, 500, 5, 0.000782197365333559
12, 4, 0.005, 500, 10, 0.001178654435716453
12, 4, 0.005, 500, 20, 0.0005458202569570858
12, 4, 0.005, 1000, 5, 0.0059179502741244505
12, 4, 0.005, 1000, 10, 0.0004541881485238264
12, 4, 0.005, 1000, 20, 0.0032933535421761917
12, 4, 0.02, 100, 5, 0.00042952921940013765
12, 4, 0.02, 100, 10, 0.00048986755500664
12, 4, 0.02, 100, 20, 0.0008443642807833384
12, 4, 0.02, 200, 5, 0.0004813567136807251
12, 4, 0.02, 200, 10, 0.00044656049576587977
12, 4, 0.02, 200, 20, 0.0006322966960397025
12, 4, 0.02, 500, 5, 0.004711487264296465
12, 4, 0.02, 500, 10, 0.0007316610144698643
12, 4, 0.02, 500, 20, 0.006588778120431016
12, 4, 0.02, 1000, 5, 0.00037710500982939265
12, 4, 0.02, 1000, 10, 0.010029030290024821
12, 4, 0.02, 1000, 20, 0.0016140213410835713
12, 4, 0.001, 100, 5, 0.0005326087299181381
12, 4, 0.001, 100, 10, 0.0012877809276687913
12, 4, 0.001, 100, 20, 0.000900304510287242
12, 4, 0.001, 200, 5, 0.0029012410101131535
12, 4, 0.001, 200, 10, 0.0005275358580547618
12, 4, 0.001, 200, 20, 0.004126922866998939
12, 4, 0.001, 500, 5, 0.003512954264306245
12, 4, 0.001, 500, 10, 0.0010390828145318664
12, 4, 0.001, 500, 20, 0.0006859977231215453
12, 4, 0.001, 1000, 5, 0.000967170572039322
12, 4, 0.001, 1000, 10, 0.0002587371274785255
12, 4, 0.001, 1000, 20, 0.00514864384822431
12, 4, 0.1, 100, 5, 0.0004269911609299015
12, 4, 0.1, 100, 10, 0.0013532124845369252
12, 4, 0.1, 100, 20, 0.0010730253918154631
12, 4, 0.1, 200, 5, 0.0005347317965060938
12, 4, 0.1, 200, 10, 0.0019776809591348864
12, 4, 0.1, 200, 20, 0.008450198952050413
12, 4, 0.1, 500, 5, 0.001106225443072617
12, 4, 0.1, 500, 10, 0.0030323826766107233
12, 4, 0.1, 500, 20, 0.0007785466295899823
12, 4, 0.1, 1000, 5, 0.0007043214551231358
12, 4, 0.1, 1000, 10, 0.019920969306258484
12, 4, 0.1, 1000, 20, 0.0006779704839573242
12, 6, 0.01, 100, 5, 0.0009621855446312111
12, 6, 0.01, 100, 10, 0.0014479668549029156
12, 6, 0.01, 100, 20, 0.0011280271686700872
12, 6, 0.01, 200, 5, 0.0011889248133229557
12, 6, 0.01, 200, 10, 0.007981016166741028
12, 6, 0.01, 200, 20, 0.00038527119468199087
12, 6, 0.01, 500, 5, 0.002557818758941721
12, 6, 0.01, 500, 10, 0.003745894091480295
12, 6, 0.01, 500, 20, 0.0028139469453890343
12, 6, 0.01, 1000, 5, 0.0014805636448727455
12, 6, 0.01, 1000, 10, 0.0009276094002416358
12, 6, 0.01, 1000, 20, 0.0011665991609334015
12, 6, 0.005, 100, 5, 0.0015045924275909784
12, 6, 0.005, 100, 10, 0.0019747624010051368
12, 6, 0.005, 100, 20, 0.0007389674065052532
12, 6, 0.005, 200, 5, 0.0011801299844591995
12, 6, 0.005, 200, 10, 0.0005491957558660943
12, 6, 0.005, 200, 20, 0.0016692876917659305
12, 6, 0.005, 500, 5, 0.002093608916038647
12, 6, 0.005, 500, 10, 0.0053184608979790935
12, 6, 0.005, 500, 20, 0.0005972598752123304
12, 6, 0.005, 1000, 5, 0.002901041621589684
12, 6, 0.005, 1000, 10, 0.0008766000770265237
12, 6, 0.005, 1000, 20, 0.0016917228793317917
12, 6, 0.02, 100, 5, 0.0007217985072202282
12, 6, 0.02, 100, 10, 0.002797910878143739
12, 6, 0.02, 100, 20, 0.0009923134770360776
12, 6, 0.02, 200, 5, 0.0007745913117105374
12, 6, 0.02, 200, 10, 0.0022776802943553776
12, 6, 0.02, 200, 20, 0.0025692903784147346
12, 6, 0.02, 500, 5, 0.0005233415569819045
12, 6, 0.02, 500, 10, 0.006833315328549361
12, 6, 0.02, 500, 20, 0.009550688017043285
12, 6, 0.02, 1000, 5, 0.0011054023198084906
12, 6, 0.02, 1000, 10, 0.001102475170046091
12, 6, 0.02, 1000, 20, 0.0026813448565008004
12, 6, 0.001, 100, 5, 0.004967430952819996
12, 6, 0.001, 100, 10, 0.002331879149642191
12, 6, 0.001, 100, 20, 0.0004519376721873414
12, 6, 0.001, 200, 5, 0.0004871669521889999
12, 6, 0.001, 200, 10, 0.0005179284416954033
12, 6, 0.001, 200, 20, 0.003902890554127225
12, 6, 0.001, 500, 5, 0.0010725847547291777
12, 6, 0.001, 500, 10, 0.0009790746029466391
12, 6, 0.001, 500, 20, 0.0005046365722591872
12, 6, 0.001, 1000, 5, 0.001983170265884837
12, 6, 0.001, 1000, 10, 0.00046155030977388376
12, 6, 0.001, 1000, 20, 0.0026472724042832852
12, 6, 0.1, 100, 5, 0.0015014271481049945
12, 6, 0.1, 100, 10, 0.0004741705022752285
12, 6, 0.1, 100, 20, 0.0032039841506048107
12, 6, 0.1, 200, 5, 0.0012069123378751101
12, 6, 0.1, 200, 10, 0.0005390499627537793
12, 6, 0.1, 200, 20, 0.003124575678521069
12, 6, 0.1, 500, 5, 0.0006324505491647869
12, 6, 0.1, 500, 10, 0.0004585367343679536
12, 6, 0.1, 500, 20, 0.0022634145017946137
12, 6, 0.1, 1000, 5, 0.008532938483403996
12, 6, 0.1, 1000, 10, 0.0022370903650880793
12, 6, 0.1, 1000, 20, 0.0030973983266449068
12, 8, 0.01, 100, 5, 0.003002316749916645
12, 8, 0.01, 100, 10, 0.0011998606205452234
12, 8, 0.01, 100, 20, 0.0006719827164488379
12, 8, 0.01, 200, 5, 0.0007706941702963377
12, 8, 0.01, 200, 10, 0.00033962332636292556
12, 8, 0.01, 200, 20, 0.003743385440611746
12, 8, 0.01, 500, 5, 0.0014813524230703479
12, 8, 0.01, 500, 10, 0.0037795140643538615
12, 8, 0.01, 500, 20, 0.004331696447297873
12, 8, 0.01, 1000, 5, 0.004577159251221019
12, 8, 0.01, 1000, 10, 0.005373282495565945
12, 8, 0.01, 1000, 20, 0.0004224238047754625
12, 8, 0.005, 100, 5, 0.00079303495658678
12, 8, 0.005, 100, 10, 0.0040003584281294025
12, 8, 0.005, 100, 20, 0.001506988143955823
12, 8, 0.005, 200, 5, 0.0008944274330133339
12, 8, 0.005, 200, 10, 0.0007745642365989625
12, 8, 0.005, 200, 20, 0.004497653744329
12, 8, 0.005, 500, 5, 0.0007697548498981632
12, 8, 0.005, 500, 10, 0.003608910930051934
12, 8, 0.005, 500, 20, 0.0002628617967275204
12, 8, 0.005, 1000, 5, 0.0006122584280092269
12, 8, 0.005, 1000, 10, 0.001989245669756201
12, 8, 0.005, 1000, 20, 0.001557021436656214
12, 8, 0.02, 100, 5, 0.0012758040138578508
12, 8, 0.02, 100, 10, 0.010013537954910135
12, 8, 0.02, 100, 20, 0.0014577344292774797
12, 8, 0.02, 200, 5, 0.0030913218375644646
12, 8, 0.02, 200, 10, 0.0007212405263999245
12, 8, 0.02, 200, 20, 0.0007685707692871802
12, 8, 0.02, 500, 5, 0.002036512548511382
12, 8, 0.02, 500, 10, 0.00039416026338585653
12, 8, 0.02, 500, 20, 0.0024288172004162333
12, 8, 0.02, 1000, 5, 0.0006894225654832554
12, 8, 0.02, 1000, 10, 0.0005920674437220441
12, 8, 0.02, 1000, 20, 0.0010145465042796786
12, 8, 0.001, 100, 5, 0.003268656584259588
12, 8, 0.001, 100, 10, 0.0006150528344733175
12, 8, 0.001, 100, 20, 0.004983898762475292
12, 8, 0.001, 200, 5, 0.003060801037645433
12, 8, 0.001, 200, 10, 0.00027666623645927757
12, 8, 0.001, 200, 20, 0.0021832620439454333
12, 8, 0.001, 500, 5, 0.0034109239206372875
12, 8, 0.001, 500, 10, 0.001505521751460037
12, 8, 0.001, 500, 20, 0.0003355319039656024
12, 8, 0.001, 1000, 5, 0.003095275395025965
12, 8, 0.001, 1000, 10, 0.00227398142014863
12, 8, 0.001, 1000, 20, 0.0014640942841651849
12, 8, 0.1, 100, 5, 0.002090444798068347
12, 8, 0.1, 100, 10, 0.0009246783069102093
12, 8, 0.1, 100, 20, 0.0015198113984297378
12, 8, 0.1, 200, 5, 0.0074252704915124925
12, 8, 0.1, 200, 10, 0.0010392124866484664
12, 8, 0.1, 200, 20, 0.0015751852508401499
12, 8, 0.1, 500, 5, 0.00024202206441259477
12, 8, 0.1, 500, 10, 0.00024753875732130837
12, 8, 0.1, 500, 20, 0.00048841530115169
12, 8, 0.1, 1000, 5, 0.0027608103468082846
12, 8, 0.1, 1000, 10, 0.005516364414506825
12, 8, 0.1, 1000, 20, 0.01358358245925046